Ref,Item,Description,Manufacturer,Manf Part No,X,Y,Rotation,Layer
C1,11989/105,"C, Cer. Chip, X5R/X7R, 1uF, 16V, 10%, 0805",Generic,,595,1200,180,BOTTOM
C2,11509/107D,"C, Elec., Tant., Low ESR, 100uF, 10V, 20%, 7343M",Generic,,595,975,0,TOP
C3,11509/107D,"C, Elec., Tant., Low ESR, 100uF, 10V, 20%, 7343M",Generic,,595,780,0,TOP
C4,10085/104,"C, Cer. Chip, X7R, 100nF, 50V, 10%, 0805",Generic,,1500,1455,270,TOP
C5,11989/475,"C, Cer. Chip, X5R/X7R, 4u7F, 16V, 10%, 0805",Generic,,1135,1170,270,TOP
C6,10085/104,"C, Cer. Chip, X7R, 100nF, 50V, 10%, 0805",Generic,,735,210,180,BOTTOM
C7,11989/105,"C, Cer. Chip, X5R/X7R, 1uF, 16V, 10%, 0805",Generic,,1535,1165,270,TOP
C8,10085/104,"C, Cer. Chip, X7R, 100nF, 50V, 10%, 0805",Generic,,875,265,270,BOTTOM
C9,11989/105,"C, Cer. Chip, X5R/X7R, 1uF, 16V, 10%, 0805",Generic,,595,1845,180,BOTTOM
C10,10085/104,"C, Cer. Chip, X7R, 100nF, 50V, 10%, 0805",Generic,,3100,970,0,TOP
C11,10085/104,"C, Cer. Chip, X7R, 100nF, 50V, 10%, 0805",Generic,,2440,1120,0,BOTTOM
C12,11989/475,"C, Cer. Chip, X5R/X7R, 4u7F, 16V, 10%, 0805",Generic,,2670,1000,180,BOTTOM
C13,10085/104,"C, Cer. Chip, X7R, 100nF, 50V, 10%, 0805",Generic,,2440,875,180,BOTTOM
C14,10085/104,"C, Cer. Chip, X7R, 100nF, 50V, 10%, 0805",Generic,,2440,955,180,BOTTOM
C15,10085/104,"C, Cer. Chip, X7R, 100nF, 50V, 10%, 0805",Generic,,2440,1040,180,BOTTOM
C16,11509/107D,"C, Elec., Tant., Low ESR, 100uF, 10V, 20%, 7343M",Generic,,595,1620,0,TOP
C17,11509/107D,"C, Elec., Tant., Low ESR, 100uF, 10V, 20%, 7343M",Generic,,595,1425,0,TOP
C18,10080/120,"C, Cer. Chip, C0G, 12pF, 50V, 5%, 0603",Generic,,2360,1605,0,TOP
C19,10080/120,"C, Cer. Chip, C0G, 12pF, 50V, 5%, 0603",Generic,,2520,1605,180,TOP
C20,10085/104,"C, Cer. Chip, X7R, 100nF, 50V, 10%, 0805",Generic,,2115,995,180,TOP
C21,11989/475,"C, Cer. Chip, X5R/X7R, 4u7F, 16V, 10%, 0805",Generic,,2195,995,0,BOTTOM
C22,10085/104,"C, Cer. Chip, X7R, 100nF, 50V, 10%, 0805",Generic,,2670,835,180,BOTTOM
C23,10085/104,"C, Cer. Chip, X7R, 100nF, 50V, 10%, 0805",Generic,,2195,835,0,BOTTOM
C24,10085/104,"C, Cer. Chip, X7R, 100nF, 50V, 10%, 0805",Generic,,2195,1170,0,BOTTOM
C25,11989/475,"C, Cer. Chip, X5R/X7R, 4u7F, 16V, 10%, 0805",Generic,,2670,1170,180,BOTTOM
C26,10085/104,"C, Cer. Chip, X7R, 100nF, 50V, 10%, 0805",Generic,,1590,210,180,BOTTOM
C27,10085/104,"C, Cer. Chip, X7R, 100nF, 50V, 10%, 0805",Generic,,1725,270,270,BOTTOM
C28,11989/105,"C, Cer. Chip, X5R/X7R, 1uF, 16V, 10%, 0805",Generic,,3410,1845,0,BOTTOM
C29,11509/107D,"C, Elec., Tant., Low ESR, 100uF, 10V, 20%, 7343M",Generic,,3405,1620,180,TOP
C30,11509/107D,"C, Elec., Tant., Low ESR, 100uF, 10V, 20%, 7343M",Generic,,3405,1425,180,TOP
C31,10085/104,"C, Cer. Chip, X7R, 100nF, 50V, 10%, 0805",Generic,,2360,1655,90,BOTTOM
C32,10085/104,"C, Cer. Chip, X7R, 100nF, 50V, 10%, 0805",Generic,,1860,1550,270,BOTTOM
C33,10085/104,"C, Cer. Chip, X7R, 100nF, 50V, 10%, 0805",Generic,,2415,210,180,BOTTOM
C34,10085/104,"C, Cer. Chip, X7R, 100nF, 50V, 10%, 0805",Generic,,2555,270,270,BOTTOM
C35,11989/105,"C, Cer. Chip, X5R/X7R, 1uF, 16V, 10%, 0805",Generic,,3410,1200,0,BOTTOM
C36,11509/107D,"C, Elec., Tant., Low ESR, 100uF, 10V, 20%, 7343M",Generic,,3405,975,180,TOP
C37,11509/107D,"C, Elec., Tant., Low ESR, 100uF, 10V, 20%, 7343M",Generic,,3405,780,180,TOP
C38,10085/104,"C, Cer. Chip, X7R, 100nF, 50V, 10%, 0805",Generic,,3265,210,180,BOTTOM
C39,10085/104,"C, Cer. Chip, X7R, 100nF, 50V, 10%, 0805",Generic,,3405,270,270,BOTTOM
C40,10085/104,"C, Cer. Chip, X7R, 100nF, 50V, 10%, 0805",Generic,,2315,1930,180,BOTTOM
D1,12955,"D, ESD Diode, 2-Ch, TPD2E001, SOP.50M-5",Texas Inst.,TPD2E001DRLR,733.82,325.63,270,BOTTOM
D2,12955,"D, ESD Diode, 2-Ch, TPD2E001, SOP.50M-5",Texas Inst.,TPD2E001DRLR,1585,325,270,BOTTOM
D3,12955,"D, ESD Diode, 2-Ch, TPD2E001, SOP.50M-5",Texas Inst.,TPD2E001DRLR,2150,1550,270,BOTTOM
D4,12955,"D, ESD Diode, 2-Ch, TPD2E001, SOP.50M-5",Texas Inst.,TPD2E001DRLR,2410,325,270,BOTTOM
D5,12955,"D, ESD Diode, 2-Ch, TPD2E001, SOP.50M-5",Texas Inst.,TPD2E001DRLR,3260,325,270,BOTTOM
J1,10664/08,"J, Signal, DF11, 8-way, Male, Gold, Vert. PCB",Hirose Elec.,DF11-8DP-2DSA(01),1620,1620,180,TOP
J2,12970,"J, USB, A Receptacle, Gold Flash",Assmann,AU-Y1005-R,600,420,0,TOP
J3,12970,"J, USB, A Receptacle, Gold Flash",Assmann,AU-Y1005-R,1450,420,0,TOP
J4,12968,"J, USB 2.0, B Receptacle, Gold Flash",Assmann,AU-Y1007-2-R,1950,1510,180,TOP
J5,12970,"J, USB, A Receptacle, Gold Flash",Assmann,AU-Y1005-R,2275,420,0,TOP
J6,12970,"J, USB, A Receptacle, Gold Flash",Assmann,AU-Y1005-R,3125,420,0,TOP
L1,12977/600,"L, Fixed, Ferrite Bead, 3A, 0805",Murata,BLM21PG600SN1,500,635,0,TOP
L2,12977/600,"L, Fixed, Ferrite Bead, 3A, 0805",Murata,BLM21PG600SN1,1450,270,270,BOTTOM
L3,12977/600,"L, Fixed, Ferrite Bead, 3A, 0805",Murata,BLM21PG600SN1,2245,1265,0,TOP
L4,12977/600,"L, Fixed, Ferrite Bead, 3A, 0805",Murata,BLM21PG600SN1,2115,1145,0,TOP
L5,12977/600,"L, Fixed, Ferrite Bead, 3A, 0805",Murata,BLM21PG600SN1,2275,270,270,BOTTOM
L6,12977/600,"L, Fixed, Ferrite Bead, 3A, 0805",Murata,BLM21PG600SN1,3495,635,0,TOP
R1,10083/474,"R, Chip, 470k Ohms, 100mW, 5%, 0603",Generic,,2950,1230,180,TOP
R2,10083/103,"R, Chip, 10k Ohms, 100mW, 5%, 0603",Generic,,2950,1295,180,TOP
R3,11699/3163,"R, Chip, 316k Ohms, 100mW, 1%, 0603",Generic,,1015,1250,0,TOP
R4,11699/4643,"R, Chip, 464k Ohms, 100mW, 1%, 0603",Generic,,975,1155,270,TOP
R5,11699/3163,"R, Chip, 316k Ohms, 100mW, 1%, 0603",Generic,,1050,1155,270,TOP
R6,10083/474,"R, Chip, 470k Ohms, 100mW, 5%, 0603",Generic,,2950,1100,180,TOP
R7,10083/103,"R, Chip, 10k Ohms, 100mW, 5%, 0603",Generic,,2950,1165,180,TOP
R8,10083/153,"R, Chip, 15k Ohms, 100mW, 5%, 0603",Generic,,2950,775,180,TOP
R9,10083/330,"R, Chip, 33R Ohms, 100mW, 5%, 0603",Generic,,2365,1290,270,TOP
R10,10083/103,"R, Chip, 10k Ohms, 100mW, 5%, 0603",Generic,,1220,1480,180,TOP
R11,11699/2431,"R, Chip, 2k43 Ohms, 100mW, 1%, 0603",Generic,,2135,1070,180,TOP
R12,10083/103,"R, Chip, 10k Ohms, 100mW, 5%, 0603",Generic,,2400,1740,270,TOP
R13,10083/153,"R, Chip, 15k Ohms, 100mW, 5%, 0603",Generic,,2480,1740,90,TOP
R14,10083/153,"R, Chip, 15k Ohms, 100mW, 5%, 0603",Generic,,1220,1405,0,TOP
R15,10083/474,"R, Chip, 470k Ohms, 100mW, 5%, 0603",Generic,,2950,970,180,TOP
R16,10083/103,"R, Chip, 10k Ohms, 100mW, 5%, 0603",Generic,,2950,1035,180,TOP
R21,10083/474,"R, Chip, 470k Ohms, 100mW, 5%, 0603",Generic,,2950,840,180,TOP
R22,10083/103,"R, Chip, 10k Ohms, 100mW, 5%, 0603",Generic,,2950,905,180,TOP
R23,10083/103,"R, Chip, 10k Ohms, 100mW, 5%, 0603",Generic,,2980,1585,90,TOP
R24,10083/103,"R, Chip, 10k Ohms, 100mW, 5%, 0603",Generic,,2905,1585,90,TOP
R25,10083/103,"R, Chip, 10k Ohms, 100mW, 5%, 0603",Generic,,2830,1585,90,TOP
R26,10083/103,"R, Chip, 10k Ohms, 100mW, 5%, 0603",Generic,,2755,1585,90,TOP
U1,12992,"U, Power Supply, MIC2025-2, High-Side Switch, SOIC",Microchip (Micrel),MIC2025-2YM,593,1200,90,TOP
U2,12979,"U, Linear, LTC4411, Ideal Diode, SOT23-5 (T&R)",Analog (Linear),LTC4411ES5#TRMPBF,1372.5,1445,180,TOP
U3,12979,"U, Linear, LTC4411, Ideal Diode, SOT23-5 (T&R)",Analog (Linear),LTC4411ES5#TRMPBF,1627.5,1445,180,TOP
U4,12990,"U, Power Supply, MIC5239, LDO, Adj, SOIC",Microchip (Micrel),MIC5239YM,1335,1162,180,TOP
U5,12992,"U, Power Supply, MIC2025-2, High-Side Switch, SOIC",Microchip (Micrel),MIC2025-2YM,593,1845,90,TOP
U6,12896/3R0,"U, Logic, MCP120, Reset Generator, 3V0, SOT-23",Microchip,MCP120T-300I/TT,3102,814.5,0,TOP
U7,12996,"U, Logic, UPD720114, USB 2.0 4-Port Hub, TQFP",Renesas (NEC),UPD720114GA-9EU-A,2433.35,1002.35,180,TOP
U8,12992,"U, Power Supply, MIC2025-2, High-Side Switch, SOIC",Microchip (Micrel),MIC2025-2YM,3408,1845,270,TOP
U9,12992,"U, Power Supply, MIC2025-2, High-Side Switch, SOIC",Microchip (Micrel),MIC2025-2YM,3407,1200,270,TOP
Y1,11754/3005,"Y, Quartz, 30MHz, 20ppm, 10pF, SMT 3.2x5.0mm",Abracon,ABM3B-30.000MHz-10-1-U,2442.5,1455,90,TOP
